Nombre,Promedio,Aprobado
Andrea Sotil,17.666666666666668,True
Jose Perez,16.0,True
Jhon Smith,19.333333333333332,True
maría Lopez,14.0,True
Pedro Suarez,12.0,False
juan Lopez,11.666666666666666,False
Promedio Grupal,15.111111111111112,
Nota Máxima,19.333333333333332,
Nota Mínima,11.666666666666666,
Desviación Estándar,2.8262438537726453,
